7.536693855765212724e-02,3.594613774314080884e-02,9.074635007620677693e-03,3.296266253497328984e-03,1.438091423226616362e-03,3.661523297459739340e-02,3.575411351425556578e-02,1.602032539909496386e-02,7.229085819937541152e-03,3.453061771643844199e-03,1.069509188150114497e-02,1.653549973529537184e-02,1.194931180953512709e-02,6.926981836017725991e-03,3.735850273839306460e-03,4.981798851157615698e-03,7.517088602569737057e-03,6.640933660478996921e-03,4.520863951263051801e-03,2.675462446977030888e-03,2.254073593641329337e-03,2.600156850853333271e-03,2.293075715314034022e-03,1.625346262888696658e-03,9.783159328980316118e-04,5.417558622256668337e-04,3.026788936813064931e-04,1.610170743819935185e-04,7.726483112085873759e-05,2.280950642720338322e-05,0.000000000000000000e+00,0.000000000000000000e+00,0.000000000000000000e+00,0.000000000000000000e+00,0.000000000000000000e+00,0.000000000000000000e+00,0.000000000000000000e+00,0.000000000000000000e+00,0.000000000000000000e+00,0.000000000000000000e+00,0.000000000000000000e+00,0.000000000000000000e+00,0.000000000000000000e+00,0.000000000000000000e+00,0.000000000000000000e+00,0.000000000000000000e+00,0.000000000000000000e+00,0.000000000000000000e+00,0.000000000000000000e+00,0.000000000000000000e+00
3.594613774314081578e-02,1.203877113084142469e-01,4.831703900425952242e-02,1.380899268434448296e-02,5.422959046235374669e-03,3.788080630699172668e-02,8.838967188794705221e-02,5.900352473328700914e-02,2.670247299067674343e-02,1.237704949250784982e-02,2.168346340786549836e-02,3.917990342633172890e-02,3.541179338084833594e-02,2.261214391939263268e-02,1.257152052487868314e-02,1.316162729143065084e-02,1.913982111420676341e-02,1.867888621431209803e-02,1.383726005871884802e-02,8.603184716706886379e-03,6.682477616297192134e-03,7.147306159808302847e-03,6.518578829056094308e-03,4.896737911100773784e-03,3.085363050715611653e-03,1.762695681508209778e-03,1.005451830288976115e-03,5.409607991841698486e-04,2.610914119300560628e-04,7.726483112085876469e-05,0.000000000000000000e+00,0.000000000000000000e+00,0.000000000000000000e+00,0.000000000000000000e+00,0.000000000000000000e+00,0.000000000000000000e+00,0.000000000000000000e+00,0.000000000000000000e+00,0.000000000000000000e+00,0.000000000000000000e+00,0.000000000000000000e+00,0.000000000000000000e+00,0.000000000000000000e+00,0.000000000000000000e+00,0.000000000000000000e+00,0.000000000000000000e+00,0.000000000000000000e+00,0.000000000000000000e+00,0.000000000000000000e+00,0.000000000000000000e+00
9.074635007620674224e-03,4.831703900425952242e-02,1.251220689851385293e-01,5.044373179699748744e-02,1.484197185612255027e-02,2.178766224759651204e-02,6.113021752602489090e-02,9.907181947952625745e-02,6.415148840585627177e-02,2.919592919033025744e-02,2.512491560077021249e-02,4.055975705341817450e-02,4.984273553618828734e-02,4.105633206970941973e-02,2.535538988907977409e-02,2.004701174002386857e-02,2.432342490317333447e-02,2.633614751244654426e-02,2.276120697975590051e-02,1.580054675704907138e-02,1.145268881188403649e-02,1.060089959450013705e-02,9.750968355595360931e-03,7.978595616882617689e-03,5.477222985567377182e-03,3.345164344635063840e-03,2.000977587011105226e-03,1.105526167837024782e-03,5.409607991841682223e-04,1.610170743819927866e-04,0.000000000000000000e+00,0.000000000000000000e+00,0.000000000000000000e+00,0.000000000000000000e+00,0.000000000000000000e+00,0.000000000000000000e+00,0.000000000000000000e+00,0.000000000000000000e+00,0.000000000000000000e+00,0.000000000000000000e+00,0.000000000000000000e+00,0.000000000000000000e+00,0.000000000000000000e+00,0.000000000000000000e+00,0.000000000000000000e+00,0.000000000000000000e+00,0.000000000000000000e+00,0.000000000000000000e+00,0.000000000000000000e+00,0.000000000000000000e+00
3.296266253497328550e-03,1.380899268434448469e-02,5.044373179699747356e-02,1.261550481569126136e-01,5.096096703098476621e-02,2.224391510777950359e-02,3.246980983917704261e-02,6.627818119859356372e-02,1.015652756791815270e-01,6.522356773029691634e-02,3.639643605205982596e-02,3.578774771062831483e-02,4.620429574227922359e-02,5.258598150587671244e-02,4.198424595041936463e-02,2.996961016638749128e-02,2.724333813826355574e-02,2.840574566861708491e-02,2.829943421077690466e-02,2.320512733356283608e-02,1.731338499388170721e-02,1.405635100767050651e-02,1.206091638232677059e-02,1.033145343006173361e-02,7.811166153381406130e-03,5.288274133648985034e-03,3.445238682183253669e-03,2.000977587011113466e-03,1.005451830288976982e-03,3.026788936813076857e-04,0.000000000000000000e+00,0.000000000000000000e+00,0.000000000000000000e+00,0.000000000000000000e+00,0.000000000000000000e+00,0.000000000000000000e+00,0.000000000000000000e+00,0.000000000000000000e+00,0.000000000000000000e+00,0.000000000000000000e+00,0.000000000000000000e+00,0.000000000000000000e+00,0.000000000000000000e+00,0.000000000000000000e+00,0.000000000000000000e+00,0.000000000000000000e+00,0.000000000000000000e+00,0.000000000000000000e+00,0.000000000000000000e+00,0.000000000000000000e+00
1.438091423226617446e-03,5.422959046235378139e-03,1.484197185612255721e-02,5.096096703098477315e-02,1.264084682027662165e-01,5.449459141676218921e-02,2.739187878034956766e-02,3.496326603883227746e-02,6.735026052303642874e-02,1.017036529835116249e-01,6.882427028275593661e-02,4.204097474092113873e-02,3.853099368031533828e-02,4.713220962298908523e-02,5.205551823213173251e-02,4.403588879760803043e-02,3.405193093183170316e-02,2.920662483659387451e-02,2.884966602242379496e-02,2.734703322331306571e-02,2.334355030505329970e-02,1.877340178170865820e-02,1.463683608213714807e-02,1.189348691882583485e-02,9.330778885208911022e-03,7.099514797994801660e-03,5.288274133648978963e-03,3.345164344635064273e-03,1.762695681508210863e-03,5.417558622256640147e-04,0.000000000000000000e+00,0.000000000000000000e+00,0.000000000000000000e+00,0.000000000000000000e+00,0.000000000000000000e+00,0.000000000000000000e+00,0.000000000000000000e+00,0.000000000000000000e+00,0.000000000000000000e+00,0.000000000000000000e+00,0.000000000000000000e+00,0.000000000000000000e+00,0.000000000000000000e+00,0.000000000000000000e+00,0.000000000000000000e+00,0.000000000000000000e+00,0.000000000000000000e+00,0.000000000000000000e+00,0.000000000000000000e+00,0.000000000000000000e+00
6.886013695114333354e-04,2.471070595004428664e-03,5.940194280221845931e-03,1.509539190197544019e-02,5.106502641707170997e-02,1.281268668756438411e-01,5.698804761641489136e-02,2.846395810478967794e-02,3.510164334316139001e-02,6.658767841979615354e-02,1.029849070166759251e-01,7.156751625244424375e-02,4.296888862163225631e-02,3.800053040657173226e-02,4.486490706704451825e-02,5.181889359444185467e-02,4.599917549593732918e-02,3.449585128563847219e-02,2.825422384913032006e-02,2.609997266563828314e-02,2.591893368286353125e-02,2.392403537951958911e-02,1.860597231820756980e-02,1.363616153728418670e-02,9.700061528248746234e-03,7.849004850018763413e-03,6.999440460446834308e-03,5.049992228146229015e-03,2.881468376571863846e-03,9.182609256012505463e-04,0.000000000000000000e+00,0.000000000000000000e+00,0.000000000000000000e+00,0.000000000000000000e+00,0.000000000000000000e+00,0.000000000000000000e+00,0.000000000000000000e+00,0.000000000000000000e+00,0.000000000000000000e+00,0.000000000000000000e+00,0.000000000000000000e+00,0.000000000000000000e+00,0.000000000000000000e+00,0.000000000000000000e+00,0.000000000000000000e+00,0.000000000000000000e+00,0.000000000000000000e+00,0.000000000000000000e+00,0.000000000000000000e+00,0.000000000000000000e+00
3.443778022664043914e-04,1.205836603497859386e-03,2.724490640857451726e-03,6.044253666309028217e-03,1.509539190197541070e-02,5.184008394384516383e-02,1.291989462000858457e-01,5.712642492074625211e-02,2.770137600155125543e-02,3.297495055042519441e-02,6.592297756358357630e-02,1.039128208973860018e-01,7.103705297869920832e-02,4.070158606568450438e-02,3.285256673400197697e-02,4.191685473049425875e-02,5.226281394824960208e-02,4.504677450847371922e-02,3.174615792885328996e-02,2.260968516026942016e-02,2.246401859169266241e-02,2.575150421936229714e-02,2.292336083466719326e-02,1.641254692763075354e-02,9.553840771840250642e-03,6.999440460446834308e-03,7.610722944515869483e-03,6.535744492383479924e-03,4.205557472239154423e-03,1.421451588744940178e-03,0.000000000000000000e+00,0.000000000000000000e+00,0.000000000000000000e+00,0.000000000000000000e+00,0.000000000000000000e+00,0.000000000000000000e+00,0.000000000000000000e+00,0.000000000000000000e+00,0.000000000000000000e+00,0.000000000000000000e+00,0.000000000000000000e+00,0.000000000000000000e+00,0.000000000000000000e+00,0.000000000000000000e+00,0.000000000000000000e+00,0.000000000000000000e+00,0.000000000000000000e+00,0.000000000000000000e+00,0.000000000000000000e+00,0.000000000000000000e+00
1.728574317200968482e-04,5.977978481193665754e-04,1.309895989585092195e-03,2.724490640857431777e-03,5.940194280221845063e-03,1.528835431355499326e-02,5.197846124817638580e-02,1.284363640968489706e-01,5.499973212800826627e-02,2.269662125628812976e-02,2.956281054208667256e-02,6.539251428983607062e-02,1.016455183414397834e-01,6.588908930613107673e-02,2.979328483039619599e-02,2.533623818906828237e-02,4.096445374303089165e-02,4.951312059146347616e-02,3.940223581961264238e-02,2.108977320609347478e-02,1.542182504795423098e-02,2.146334404684029085e-02,2.355807882878540802e-02,1.884104006922342894e-02,9.446359221637366105e-03,5.049992228146224678e-03,6.535744492383486863e-03,6.766288188608892036e-03,5.075727704556529801e-03,1.865844957892941582e-03,0.000000000000000000e+00,0.000000000000000000e+00,0.000000000000000000e+00,0.000000000000000000e+00,0.000000000000000000e+00,0.000000000000000000e+00,0.000000000000000000e+00,0.000000000000000000e+00,0.000000000000000000e+00,0.000000000000000000e+00,0.000000000000000000e+00,0.000000000000000000e+00,0.000000000000000000e+00,0.000000000000000000e+00,0.000000000000000000e+00,0.000000000000000000e+00,0.000000000000000000e+00,0.000000000000000000e+00,0.000000000000000000e+00,0.000000000000000000e+00
8.056261413289615421e-05,2.769168178072335977e-04,5.977978481193583354e-04,1.205836603497888876e-03,2.471070595004436037e-03,5.632189127120723789e-03,1.452577221031527664e-02,4.985176845543842772e-02,1.234316093515882840e-01,4.197321832857096174e-02,1.255178419144638985e-02,2.729550798614122434e-02,6.024455061726809169e-02,9.073721710615141600e-02,4.209806203640032579e-02,1.256618511813721410e-02,2.258654483228227441e-02,3.531991505416987032e-02,3.885673586870477814e-02,2.055042928081252454e-02,8.425152234755933431e-03,1.322839965737726033e-02,1.738102328139652306e-02,1.659189112279211079e-02,8.235996648526361721e-03,2.881468376571863846e-03,4.205557472239157893e-03,5.075727704556527199e-03,4.426575674262606987e-03,1.788431157918650427e-03,0.000000000000000000e+00,0.000000000000000000e+00,0.000000000000000000e+00,0.000000000000000000e+00,0.000000000000000000e+00,0.000000000000000000e+00,0.000000000000000000e+00,0.000000000000000000e+00,0.000000000000000000e+00,0.000000000000000000e+00,0.000000000000000000e+00,0.000000000000000000e+00,0.000000000000000000e+00,0.000000000000000000e+00,0.000000000000000000e+00,0.000000000000000000e+00,0.000000000000000000e+00,0.000000000000000000e+00,0.000000000000000000e+00,0.000000000000000000e+00
2.349677195425834905e-05,8.056261413287857658e-05,1.728574317201114307e-04,3.443778022663808100e-04,6.886013695114530679e-04,1.499258410879885945e-03,3.505496334382603076e-03,9.521017465053150178e-03,3.682525465600121339e-02,7.708533723053358211e-02,3.504480716412839997e-03,7.403820518876366545e-03,1.638720675085141021e-02,3.645352334753903384e-02,3.789648700776054868e-02,3.734738293482795391e-03,6.921646429276118173e-03,1.193016010952374813e-02,1.646810851536836817e-02,1.045846724381127926e-02,2.623356236680938168e-03,4.342831469312234162e-03,6.262211951384133966e-03,6.775979860699754206e-03,3.553699310708229118e-03,9.182609256012509800e-04,1.421451588744939093e-03,1.865844957892942666e-03,1.788431157918648692e-03,7.722995584511637302e-04,0.000000000000000000e+00,0.000000000000000000e+00,0.000000000000000000e+00,0.000000000000000000e+00,0.000000000000000000e+00,0.000000000000000000e+00,0.000000000000000000e+00,0.000000000000000000e+00,0.000000000000000000e+00,0.000000000000000000e+00,0.000000000000000000e+00,0.000000000000000000e+00,0.000000000000000000e+00,0.000000000000000000e+00,0.000000000000000000e+00,0.000000000000000000e+00,0.000000000000000000e+00,0.000000000000000000e+00,0.000000000000000000e+00,0.000000000000000000e+00
3.592663160508589859e-02,3.540973571198799408e-02,1.584746796737459065e-02,7.148523205804778978e-03,3.429564999689598426e-03,1.219886620442404424e-01,8.789137319042510110e-02,3.687141478452948123e-02,1.737177129532065795e-02,8.603506696755466171e-03,5.229212370725577763e-02,5.980670185212066253e-02,3.461057086910773045e-02,1.867693160721897380e-02,9.864374492460324662e-03,1.793096432630066420e-02,2.665274518871846993e-02,2.088332118532794032e-02,1.307319205016932093e-02,7.389628653714429458e-03,7.005328748573426238e-03,8.631493189185615589e-03,7.229181492282046179e-03,4.802023456527762524e-03,2.758326960701113027e-03,1.481774035190171895e-03,8.117256929345928549e-04,4.272307574210766103e-04,2.038946741437654793e-04,6.005500729677267651e-05,0.000000000000000000e+00,0.000000000000000000e+00,0.000000000000000000e+00,0.000000000000000000e+00,0.000000000000000000e+00,0.000000000000000000e+00,0.000000000000000000e+00,0.000000000000000000e+00,0.000000000000000000e+00,0.000000000000000000e+00,0.000000000000000000e+00,0.000000000000000000e+00,0.000000000000000000e+00,0.000000000000000000e+00,0.000000000000000000e+00,0.000000000000000000e+00,0.000000000000000000e+00,0.000000000000000000e+00,0.000000000000000000e+00,0.000000000000000000e+00
3.540973571198798714e-02,8.718383528444896557e-02,5.840572688516777744e-02,2.642555617286936401e-02,1.229648687837483524e-02,9.303933686299255268e-02,2.467514500191923532e-01,1.421345592702731031e-01,6.284669277660429043e-02,3.029096644948937531e-02,7.272589700628655229e-02,1.467093964284820196e-01,1.130942043284470788e-01,6.315187696878485357e-02,3.355175473409366393e-02,4.152756831559279577e-02,6.546703070034780303e-02,6.060925842421559240e-02,4.134614188921253292e-02,2.426006829230120329e-02,1.981836943131801143e-02,2.286600343004141500e-02,2.066269813799537572e-02,1.478953190951057955e-02,8.884344221971356842e-03,4.894046458378545177e-03,2.720730485545884945e-03,1.442851124499409683e-03,6.911804388616097109e-04,2.038946741437641782e-04,0.000000000000000000e+00,0.000000000000000000e+00,0.000000000000000000e+00,0.000000000000000000e+00,0.000000000000000000e+00,0.000000000000000000e+00,0.000000000000000000e+00,0.000000000000000000e+00,0.000000000000000000e+00,0.000000000000000000e+00,0.000000000000000000e+00,0.000000000000000000e+00,0.000000000000000000e+00,0.000000000000000000e+00,0.000000000000000000e+00,0.000000000000000000e+00,0.000000000000000000e+00,0.000000000000000000e+00,0.000000000000000000e+00,0.000000000000000000e+00
1.584746796737459065e-02,5.840572688516777744e-02,9.776192348994039438e-02,6.355369055773701925e-02,2.902307175860985647e-02,5.004701857576566992e-02,1.472825229428471883e-01,2.727267280112757319e-01,1.550537544244412202e-01,6.922043350381462679e-02,6.695958958839184905e-02,1.260133994826129755e-01,1.752507025281641040e-01,1.279690274553208496e-01,7.035186583645836045e-02,5.662461615267799786e-02,7.548408155108939088e-02,8.592985140423206603e-02,7.179613466634658658e-02,4.663315963169543249e-02,3.297901993864980896e-02,3.184957438012889219e-02,3.042635384726975756e-02,2.474501890343921637e-02,1.638879458885195151e-02,9.586843853991026607e-03,5.525171889943404288e-03,2.984680166986396037e-03,1.442851124499416621e-03,4.272307574210785618e-04,0.000000000000000000e+00,0.000000000000000000e+00,0.000000000000000000e+00,0.000000000000000000e+00,0.000000000000000000e+00,0.000000000000000000e+00,0.000000000000000000e+00,0.000000000000000000e+00,0.000000000000000000e+00,0.000000000000000000e+00,0.000000000000000000e+00,0.000000000000000000e+00,0.000000000000000000e+00,0.000000000000000000e+00,0.000000000000000000e+00,0.000000000000000000e+00,0.000000000000000000e+00,0.000000000000000000e+00,0.000000000000000000e+00,0.000000000000000000e+00
7.148523205804777243e-03,2.642555617286936401e-02,6.355369055773699150e-02,1.003594390756836346e-01,6.487918992803154428e-02,4.684122551136085666e-02,7.602229656783904277e-02,1.602017180970153054e-01,2.791004687384840977e-01,1.578244029094381662e-01,8.860996132622668553e-02,9.550089568806909013e-02,1.408882226094887724e-01,1.824506913958338639e-01,1.304129410142789991e-01,8.367943121232936099e-02,7.708743685656109512e-02,8.667095779322124549e-02,9.121686914671456314e-02,7.300053943736424522e-02,5.114981770517517540e-02,4.053937035587844989e-02,3.593189514557162956e-02,3.202561652660854130e-02,2.431953192017857410e-02,1.589193340513695915e-02,9.850793535431365960e-03,5.525171889943403421e-03,2.720730485545883644e-03,8.117256929345876507e-04,0.000000000000000000e+00,0.000000000000000000e+00,0.000000000000000000e+00,0.000000000000000000e+00,0.000000000000000000e+00,0.000000000000000000e+00,0.000000000000000000e+00,0.000000000000000000e+00,0.000000000000000000e+00,0.000000000000000000e+00,0.000000000000000000e+00,0.000000000000000000e+00,0.000000000000000000e+00,0.000000000000000000e+00,0.000000000000000000e+00,0.000000000000000000e+00,0.000000000000000000e+00,0.000000000000000000e+00,0.000000000000000000e+00,0.000000000000000000e+00
3.429564999689598860e-03,1.229648687837484045e-02,2.902307175860985647e-02,6.487918992803153040e-02,1.010150516140014415e-01,7.369192670567209502e-02,5.976042066553027138e-02,8.239603729504960117e-02,1.629723665820073941e-01,2.794790380489058923e-01,1.673547504971211464e-01,1.034847844531014416e-01,1.027008845557419170e-01,1.433321361684499473e-01,1.811062044389566694e-01,1.362037093854136238e-01,9.486630745446107682e-02,8.237445459904849110e-02,8.787536256423908454e-02,8.873333034065514213e-02,7.356069297505181404e-02,5.523213847061818338e-02,4.213863303522001613e-02,3.550640816231123015e-02,2.937056312072868630e-02,2.242528937945209924e-02,1.589193340513695568e-02,9.586843853991026607e-03,4.894046458378553850e-03,1.481774035190169944e-03,0.000000000000000000e+00,0.000000000000000000e+00,0.000000000000000000e+00,0.000000000000000000e+00,0.000000000000000000e+00,0.000000000000000000e+00,0.000000000000000000e+00,0.000000000000000000e+00,0.000000000000000000e+00,0.000000000000000000e+00,0.000000000000000000e+00,0.000000000000000000e+00,0.000000000000000000e+00,0.000000000000000000e+00,0.000000000000000000e+00,0.000000000000000000e+00,0.000000000000000000e+00,0.000000000000000000e+00,0.000000000000000000e+00,0.000000000000000000e+00
1.718398672880146454e-03,6.027080585430824242e-03,1.362198624866770187e-02,2.967868429692759047e-02,6.514958699656971108e-02,1.053919070590678964e-01,8.006566743287786558e-02,6.253106915052210335e-02,8.277460660547111826e-02,1.610795204806819148e-01,2.829306674867734794e-01,1.745547393647960688e-01,1.059286980120630051e-01,1.013563975988641952e-01,1.375525581524768559e-01,1.807227342939854986e-01,1.414907271278968703e-01,9.607071222547734768e-02,7.989091579298519818e-02,8.066494126092826900e-02,8.504507626509835716e-02,7.515995565439555215e-02,5.480665148735677089e-02,3.948357962933651821e-02,2.961878032149347154e-02,2.537717782063804092e-02,2.216133969801144243e-02,1.526080797357213040e-02,8.347887403635350853e-03,2.600546730253778041e-03,0.000000000000000000e+00,0.000000000000000000e+00,0.000000000000000000e+00,0.000000000000000000e+00,0.000000000000000000e+00,0.000000000000000000e+00,0.000000000000000000e+00,0.000000000000000000e+00,0.000000000000000000e+00,0.000000000000000000e+00,0.000000000000000000e+00,0.000000000000000000e+00,0.000000000000000000e+00,0.000000000000000000e+00,0.000000000000000000e+00,0.000000000000000000e+00,0.000000000000000000e+00,0.000000000000000000e+00,0.000000000000000000e+00,0.000000000000000000e+00
8.791169128609754944e-04,3.043898043173347452e-03,6.682693123748296299e-03,1.389238331720660594e-02,2.967868429692758700e-02,6.714647227870906843e-02,1.081625555440574871e-01,8.044423674330300478e-02,6.063822304920055833e-02,7.762664293290365281e-02,1.596799162379251014e-01,2.853745810457304910e-01,1.732102524079198180e-01,1.001491199960876793e-01,8.843720244469535641e-02,1.303038508857667366e-01,1.819271390650027131e-01,1.390071883218365334e-01,8.886029092216909953e-02,6.501609266611034499e-02,7.107763488895146864e-02,8.461958928183710427e-02,7.250490224851370569e-02,4.891902364654029250e-02,2.829670338720546158e-02,2.216133969801145284e-02,2.474605238907359381e-02,2.092238324765616567e-02,1.296730824544733811e-02,4.265566638191456428e-03,0.000000000000000000e+00,0.000000000000000000e+00,0.000000000000000000e+00,0.000000000000000000e+00,0.000000000000000000e+00,0.000000000000000000e+00,0.000000000000000000e+00,0.000000000000000000e+00,0.000000000000000000e+00,0.000000000000000000e+00,0.000000000000000000e+00,0.000000000000000000e+00,0.000000000000000000e+00,0.000000000000000000e+00,0.000000000000000000e+00,0.000000000000000000e+00,0.000000000000000000e+00,0.000000000000000000e+00,0.000000000000000000e+00,0.000000000000000000e+00
4.463824574322716363e-04,1.534729451178518458e-03,3.314295111711922353e-03,6.682693123748285023e-03,1.362198624866772269e-02,3.018205043123872722e-02,6.752504158913455456e-02,1.062697094427355882e-01,7.529627307073483156e-02,4.935546535928592854e-02,7.018740304471293712e-02,1.583354292810441877e-01,2.795950030297649214e-01,1.602910572537517842e-01,7.357967929277946240e-02,7.032087377910774262e-02,1.278203120797036518e-01,1.747167177616900935e-01,1.241323651949650803e-01,6.032941725812666911e-02,4.564703839078655678e-02,6.842258148306801235e-02,7.873196144102179161e-02,6.131802600638097678e-02,2.905681304098884851e-02,1.526080797357213040e-02,2.092238324765616914e-02,2.245255266094826202e-02,1.684006248221239788e-02,6.101194877002193845e-03,0.000000000000000000e+00,0.000000000000000000e+00,0.000000000000000000e+00,0.000000000000000000e+00,0.000000000000000000e+00,0.000000000000000000e+00,0.000000000000000000e+00,0.000000000000000000e+00,0.000000000000000000e+00,0.000000000000000000e+00,0.000000000000000000e+00,0.000000000000000000e+00,0.000000000000000000e+00,0.000000000000000000e+00,0.000000000000000000e+00,0.000000000000000000e+00,0.000000000000000000e+00,0.000000000000000000e+00,0.000000000000000000e+00,0.000000000000000000e+00
2.092300808852875095e-04,7.167795259708242567e-04,1.534729451178524964e-03,3.043898043173370437e-03,6.027080585430844191e-03,1.284157688646470757e-02,2.828920432991944081e-02,6.237707791656522949e-02,9.498695175282287351e-02,5.059621321683673012e-02,3.075015843670437371e-02,6.440782502873756976e-02,1.454162341268760983e-01,2.530255623264533460e-01,1.046217096457854601e-01,3.354312154434158089e-02,6.311045247580249207e-02,1.129454889528333644e-01,1.461858440976510909e-01,7.088448796573973421e-02,2.379554089834494401e-02,3.975941054997064739e-02,5.723570524093810064e-02,5.886975083547196785e-02,2.881216140574994686e-02,8.347887403635354323e-03,1.296730824544733637e-02,1.684006248221239788e-02,1.558643929250366940e-02,6.473300967018372036e-03,0.000000000000000000e+00,0.000000000000000000e+00,0.000000000000000000e+00,0.000000000000000000e+00,0.000000000000000000e+00,0.000000000000000000e+00,0.000000000000000000e+00,0.000000000000000000e+00,0.000000000000000000e+00,0.000000000000000000e+00,0.000000000000000000e+00,0.000000000000000000e+00,0.000000000000000000e+00,0.000000000000000000e+00,0.000000000000000000e+00,0.000000000000000000e+00,0.000000000000000000e+00,0.000000000000000000e+00,0.000000000000000000e+00,0.000000000000000000e+00
6.116698765328145533e-05,2.092300808852770469e-04,4.463824574322722868e-04,8.791169128609664955e-04,1.718398672880152526e-03,3.589144476020415201e-03,7.693613213894413654e-03,1.700644664000352732e-02,3.767701806266731540e-02,4.030348705015186772e-02,8.738477420775448909e-03,1.783096328253557308e-02,3.783838432542740993e-02,8.974688651891082891e-02,1.254402914820945403e-01,9.862575246576707130e-03,1.866829841746443439e-02,3.457957881175839632e-02,5.969761172360896900e-02,5.190865356228151900e-02,7.253545949337809884e-03,1.260866465621263491e-02,1.989719994441874543e-02,2.472984064030582518e-02,1.424271025074526006e-02,2.600546730253780643e-03,4.265566638191458163e-03,6.101194877002193845e-03,6.473300967018377240e-03,3.011943448482527156e-03,0.000000000000000000e+00,0.000000000000000000e+00,0.000000000000000000e+00,0.000000000000000000e+00,0.000000000000000000e+00,0.000000000000000000e+00,0.000000000000000000e+00,0.000000000000000000e+00,0.000000000000000000e+00,0.000000000000000000e+00,0.000000000000000000e+00,0.000000000000000000e+00,0.000000000000000000e+00,0.000000000000000000e+00,0.000000000000000000e+00,0.000000000000000000e+00,0.000000000000000000e+00,0.000000000000000000e+00,0.000000000000000000e+00,0.000000000000000000e+00
8.976693208621107367e-03,1.565638282243423177e-02,1.150292935210266675e-02,6.717751755132397688e-03,3.674683286186037744e-03,4.988512366486475003e-02,5.858320713699217974e-02,3.399133097995620661e-02,1.838713891220021893e-02,9.779710732852638436e-03,1.292245344890318171e-01,9.800861864384897981e-02,4.580542416032290509e-02,2.351798150947120511e-02,1.225728507663046210e-02,5.431565360467269232e-02,6.092110643873634851e-02,3.519881870091210591e-02,1.895809111248300885e-02,9.947239006184141821e-03,1.414672131936665217e-02,1.839101306378122108e-02,1.291628135043275047e-02,7.386173823233223995e-03,3.870820997859437517e-03,1.969855402675036067e-03,1.043787635551349843e-03,5.397387834767953781e-04,2.552973130716242132e-04,7.491571672330650121e-05,0.000000000000000000e+00,0.000000000000000000e+00,0.000000000000000000e+00,0.000000000000000000e+00,0.000000000000000000e+00,0.000000000000000000e+00,0.000000000000000000e+00,0.000000000000000000e+00,0.000000000000000000e+00,0.000000000000000000e+00,0.000000000000000000e+00,0.000000000000000000e+00,0.000000000000000000e+00,0.000000000000000000e+00,0.000000000000000000e+00,0.000000000000000000e+00,0.000000000000000000e+00,0.000000000000000000e+00,0.000000000000000000e+00,0.000000000000000000e+00
1.565638282243423177e-02,3.613600538315835803e-02,3.387706392966949309e-02,2.189536439342119889e-02,1.236229044399333316e-02,6.422774582585283332e-02,1.424596617818132405e-01,1.109616770291487753e-01,6.215818062500867019e-02,3.326196203907584581e-02,1.128834417707237081e-01,2.730385772932122368e-01,1.673320243136487973e-01,8.158069074642523844e-02,4.197951421691176882e-02,7.938263914617504913e-02,1.504355787443196757e-01,1.150780162521309602e-01,6.410414881957936239e-02,3.383291423935862186e-02,3.326583619065615754e-02,4.545401573358060637e-02,3.869346823744745228e-02,2.417327617152537425e-02,1.303071251209388624e-02,6.688326324412486104e-03,3.553381821703169036e-03,1.838823732099756315e-03,8.699518132717262145e-04,2.552973130716225327e-04,0.000000000000000000e+00,0.000000000000000000e+00,0.000000000000000000e+00,0.000000000000000000e+00,0.000000000000000000e+00,0.000000000000000000e+00,0.000000000000000000e+00,0.000000000000000000e+00,0.000000000000000000e+00,0.000000000000000000e+00,0.000000000000000000e+00,0.000000000000000000e+00,0.000000000000000000e+00,0.000000000000000000e+00,0.000000000000000000e+00,0.000000000000000000e+00,0.000000000000000000e+00,0.000000000000000000e+00,0.000000000000000000e+00,0.000000000000000000e+00
1.150292935210266675e-02,3.387706392966949309e-02,4.652844042447687456e-02,3.952160261853056994e-02,2.490900743164728426e-02,4.739740905950050320e-02,1.166062157180118158e-01,1.706265114268658567e-01,1.258365001560216578e-01,6.973262594730540720e-02,8.154671912767461062e-02,1.822068474405245664e-01,3.088138438793157081e-01,1.857935570210862142e-01,9.049820324643059744e-02,7.989159778701668269e-02,1.335395489595663232e-01,1.793409088629876191e-01,1.299528393790047309e-01,7.094011366826077913e-02,4.865757631778362680e-02,5.356829136432256222e-02,5.671101055467328567e-02,4.433800692630852913e-02,2.632235942997748421e-02,1.394581686302181697e-02,7.483362420960804756e-03,3.883594851498146927e-03,1.838823732099761302e-03,5.397387834767959202e-04,0.000000000000000000e+00,0.000000000000000000e+00,0.000000000000000000e+00,0.000000000000000000e+00,0.000000000000000000e+00,0.000000000000000000e+00,0.000000000000000000e+00,0.000000000000000000e+00,0.000000000000000000e+00,0.000000000000000000e+00,0.000000000000000000e+00,0.000000000000000000e+00,0.000000000000000000e+00,0.000000000000000000e+00,0.000000000000000000e+00,0.000000000000000000e+00,0.000000000000000000e+00,0.000000000000000000e+00,0.000000000000000000e+00,0.000000000000000000e+00
6.717751755132397688e-03,2.189536439342119889e-02,3.952160261853056300e-02,4.954208346270328606e-02,4.110512903755896008e-02,4.383588512732512765e-02,7.556425870455471538e-02,1.314810388448801604e-01,1.782009567491650015e-01,1.291894462991519665e-01,9.412422067163049577e-02,1.173219857137752647e-01,2.006683801479619833e-01,3.177313563793209283e-01,1.888406963963836505e-01,1.097901688650136376e-01,1.087969279056845429e-01,1.484143720864420923e-01,1.861768737116714922e-01,1.315273456008943798e-01,7.799241298539261180e-02,5.991457113887654201e-02,5.921283005318349335e-02,5.886009381312555522e-02,4.383975927890539775e-02,2.570404352819602098e-02,1.427602989281640845e-02,7.483362420960801287e-03,3.553381821703173807e-03,1.043787635551347024e-03,0.000000000000000000e+00,0.000000000000000000e+00,0.000000000000000000e+00,0.000000000000000000e+00,0.000000000000000000e+00,0.000000000000000000e+00,0.000000000000000000e+00,0.000000000000000000e+00,0.000000000000000000e+00,0.000000000000000000e+00,0.000000000000000000e+00,0.000000000000000000e+00,0.000000000000000000e+00,0.000000000000000000e+00,0.000000000000000000e+00,0.000000000000000000e+00,0.000000000000000000e+00,0.000000000000000000e+00,0.000000000000000000e+00,0.000000000000000000e+00
3.674683286186036010e-03,1.236229044399332969e-02,2.490900743164728426e-02,4.110512903755896008e-02,5.033711955925228992e-02,5.114013708348429804e-02,5.871070825420053596e-02,8.313870402685147321e-02,1.348339849880118291e-01,1.786992043965702492e-01,1.410713658083319888e-01,1.125857533790716042e-01,1.262394982137769184e-01,2.037155195232544791e-01,3.161568501574276713e-01,1.968795546745660541e-01,1.246649919918884353e-01,1.156328927543667784e-01,1.499888783083326849e-01,1.831297343363737784e-01,1.326849017295603228e-01,8.363695167425330701e-02,6.206365439732799277e-02,5.871458240578086157e-02,5.550714766999734207e-02,4.143534206735410147e-02,2.570404352819601057e-02,1.394581686302181003e-02,6.688326324412499115e-03,1.969855402675033031e-03,0.000000000000000000e+00,0.000000000000000000e+00,0.000000000000000000e+00,0.000000000000000000e+00,0.000000000000000000e+00,0.000000000000000000e+00,0.000000000000000000e+00,0.000000000000000000e+00,0.000000000000000000e+00,0.000000000000000000e+00,0.000000000000000000e+00,0.000000000000000000e+00,0.000000000000000000e+00,0.000000000000000000e+00,0.000000000000000000e+00,0.000000000000000000e+00,0.000000000000000000e+00,0.000000000000000000e+00,0.000000000000000000e+00,0.000000000000000000e+00
1.969855402675035633e-03,6.688326324412470492e-03,1.394581686302180309e-02,2.570404352819600710e-02,4.143534206735407371e-02,5.550714766999729349e-02,5.871458240578073667e-02,6.206365439732796502e-02,8.363695167425327925e-02,1.326849017295602673e-01,1.831297343363738339e-01,1.499888783083326571e-01,1.156328927543667229e-01,1.246649919918884353e-01,1.968795546745659431e-01,3.161568501574278378e-01,2.037155195232545346e-01,1.262394982137768629e-01,1.125857533790716458e-01,1.410713658083319610e-01,1.786992043965702492e-01,1.348339849880118846e-01,8.313870402685145933e-02,5.871070825420060535e-02,5.114013708348429110e-02,5.033711955925232462e-02,4.110512903755898090e-02,2.490900743164731895e-02,1.236229044399334877e-02,3.674683286186034709e-03,0.000000000000000000e+00,0.000000000000000000e+00,0.000000000000000000e+00,0.000000000000000000e+00,0.000000000000000000e+00,0.000000000000000000e+00,0.000000000000000000e+00,0.000000000000000000e+00,0.000000000000000000e+00,0.000000000000000000e+00,0.000000000000000000e+00,0.000000000000000000e+00,0.000000000000000000e+00,0.000000000000000000e+00,0.000000000000000000e+00,0.000000000000000000e+00,0.000000000000000000e+00,0.000000000000000000e+00,0.000000000000000000e+00,0.000000000000000000e+00
1.043787635551351577e-03,3.553381821703167302e-03,7.483362420960802154e-03,1.427602989281640151e-02,2.570404352819600016e-02,4.383975927890537000e-02,5.886009381312551358e-02,5.921283005318352111e-02,5.991457113887648650e-02,7.799241298539255629e-02,1.315273456008944075e-01,1.861768737116713257e-01,1.484143720864420091e-01,1.087969279056845984e-01,1.097901688650136376e-01,1.888406963963837892e-01,3.177313563793207063e-01,2.006683801479619278e-01,1.173219857137752786e-01,9.412422067163046802e-02,1.291894462991519943e-01,1.782009567491649737e-01,1.314810388448800493e-01,7.556425870455478477e-02,4.383588512732510684e-02,4.110512903755898090e-02,4.954208346270335545e-02,3.952160261853060463e-02,2.189536439342123011e-02,6.717751755132391617e-03,0.000000000000000000e+00,0.000000000000000000e+00,0.000000000000000000e+00,0.000000000000000000e+00,0.000000000000000000e+00,0.000000000000000000e+00,0.000000000000000000e+00,0.000000000000000000e+00,0.000000000000000000e+00,0.000000000000000000e+00,0.000000000000000000e+00,0.000000000000000000e+00,0.000000000000000000e+00,0.000000000000000000e+00,0.000000000000000000e+00,0.000000000000000000e+00,0.000000000000000000e+00,0.000000000000000000e+00,0.000000000000000000e+00,0.000000000000000000e+00
5.397387834767990644e-04,1.838823732099758483e-03,3.883594851498146060e-03,7.483362420960797817e-03,1.394581686302179963e-02,2.632235942997747727e-02,4.433800692630851525e-02,5.671101055467328567e-02,5.356829136432252059e-02,4.865757631778366843e-02,7.094011366826080689e-02,1.299528393790045366e-01,1.793409088629875914e-01,1.335395489595662954e-01,7.989159778701665493e-02,9.049820324643055580e-02,1.857935570210861309e-01,3.088138438793157081e-01,1.822068474405246219e-01,8.154671912767465225e-02,6.973262594730542108e-02,1.258365001560216023e-01,1.706265114268658845e-01,1.166062157180118436e-01,4.739740905950055871e-02,2.490900743164731895e-02,3.952160261853061157e-02,4.652844042447691619e-02,3.387706392966953473e-02,1.150292935210267195e-02,0.000000000000000000e+00,0.000000000000000000e+00,0.000000000000000000e+00,0.000000000000000000e+00,0.000000000000000000e+00,0.000000000000000000e+00,0.000000000000000000e+00,0.000000000000000000e+00,0.000000000000000000e+00,0.000000000000000000e+00,0.000000000000000000e+00,0.000000000000000000e+00,0.000000000000000000e+00,0.000000000000000000e+00,0.000000000000000000e+00,0.000000000000000000e+00,0.000000000000000000e+00,0.000000000000000000e+00,0.000000000000000000e+00,0.000000000000000000e+00
2.552973130716269779e-04,8.699518132717232871e-04,1.838823732099765206e-03,3.553381821703175108e-03,6.688326324412488706e-03,1.303071251209388971e-02,2.417327617152537425e-02,3.869346823744745922e-02,4.545401573358066882e-02,3.326583619065619918e-02,3.383291423935864267e-02,6.410414881957930688e-02,1.150780162521310296e-01,1.504355787443197590e-01,7.938263914617517403e-02,4.197951421691181045e-02,8.158069074642526619e-02,1.673320243136488250e-01,2.730385772932122923e-01,1.128834417707237636e-01,3.326196203907588050e-02,6.215818062500871183e-02,1.109616770291488447e-01,1.424596617818133792e-01,6.422774582585283332e-02,1.236229044399334877e-02,2.189536439342122665e-02,3.387706392966953473e-02,3.613600538315838578e-02,1.565638282243426993e-02,0.000000000000000000e+00,0.000000000000000000e+00,0.000000000000000000e+00,0.000000000000000000e+00,0.000000000000000000e+00,0.000000000000000000e+00,0.000000000000000000e+00,0.000000000000000000e+00,0.000000000000000000e+00,0.000000000000000000e+00,0.000000000000000000e+00,0.000000000000000000e+00,0.000000000000000000e+00,0.000000000000000000e+00,0.000000000000000000e+00,0.000000000000000000e+00,0.000000000000000000e+00,0.000000000000000000e+00,0.000000000000000000e+00,0.000000000000000000e+00
7.491571672330602687e-05,2.552973130716210690e-04,5.397387834767958118e-04,1.043787635551348542e-03,1.969855402675032164e-03,3.870820997859435782e-03,7.386173823233198842e-03,1.291628135043274353e-02,1.839101306378120027e-02,1.414672131936663482e-02,9.947239006184124474e-03,1.895809111248294987e-02,3.519881870091214754e-02,6.092110643873635545e-02,5.431565360467276865e-02,1.225728507663042741e-02,2.351798150947119817e-02,4.580542416032287040e-02,9.800861864384895206e-02,1.292245344890319281e-01,9.779710732852619354e-03,1.838713891220020505e-02,3.399133097995622049e-02,5.858320713699213811e-02,4.988512366486479860e-02,3.674683286186039479e-03,6.717751755132395954e-03,1.150292935210267195e-02,1.565638282243426993e-02,8.976693208621138592e-03,0.000000000000000000e+00,0.000000000000000000e+00,0.000000000000000000e+00,0.000000000000000000e+00,0.000000000000000000e+00,0.000000000000000000e+00,0.000000000000000000e+00,0.000000000000000000e+00,0.000000000000000000e+00,0.000000000000000000e+00,0.000000000000000000e+00,0.000000000000000000e+00,0.000000000000000000e+00,0.000000000000000000e+00,0.000000000000000000e+00,0.000000000000000000e+00,0.000000000000000000e+00,0.000000000000000000e+00,0.000000000000000000e+00,0.000000000000000000e+00
3.011943448482529324e-03,6.473300967018366832e-03,6.101194877002191243e-03,4.265566638191452958e-03,2.600546730253776740e-03,1.424271025074524272e-02,2.472984064030579743e-02,1.989719994441873849e-02,1.260866465621263664e-02,7.253545949337813353e-03,5.190865356228144961e-02,5.969761172360898288e-02,3.457957881175838244e-02,1.866829841746444826e-02,9.862575246576714069e-03,1.254402914820944570e-01,8.974688651891080116e-02,3.783838432542741687e-02,1.783096328253560084e-02,8.738477420775494012e-03,4.030348705015184690e-02,3.767701806266734316e-02,1.700644664000353426e-02,7.693613213894444011e-03,3.589144476020425609e-03,1.718398672880146237e-03,8.791169128609746270e-04,4.463824574322687632e-04,2.092300808852871842e-04,6.116698765328145533e-05,0.000000000000000000e+00,0.000000000000000000e+00,0.000000000000000000e+00,0.000000000000000000e+00,0.000000000000000000e+00,0.000000000000000000e+00,0.000000000000000000e+00,0.000000000000000000e+00,0.000000000000000000e+00,0.000000000000000000e+00,0.000000000000000000e+00,0.000000000000000000e+00,0.000000000000000000e+00,0.000000000000000000e+00,0.000000000000000000e+00,0.000000000000000000e+00,0.000000000000000000e+00,0.000000000000000000e+00,0.000000000000000000e+00,0.000000000000000000e+00
6.473300967018365965e-03,1.558643929250363297e-02,1.684006248221238747e-02,1.296730824544733464e-02,8.347887403635331771e-03,2.881216140574991216e-02,5.886975083547189153e-02,5.723570524093799655e-02,3.975941054997070984e-02,2.379554089834491626e-02,7.088448796573962318e-02,1.461858440976510354e-01,1.129454889528333228e-01,6.311045247580243656e-02,3.354312154434155313e-02,1.046217096457853907e-01,2.530255623264532350e-01,1.454162341268760150e-01,6.440782502873750037e-02,3.075015843670434595e-02,5.059621321683668155e-02,9.498695175282283187e-02,6.237707791656518092e-02,2.828920432991941653e-02,1.284157688646467635e-02,6.027080585430824242e-03,3.043898043173353957e-03,1.534729451178516507e-03,7.167795259708302199e-04,2.092300808852763964e-04,0.000000000000000000e+00,0.000000000000000000e+00,0.000000000000000000e+00,0.000000000000000000e+00,0.000000000000000000e+00,0.000000000000000000e+00,0.000000000000000000e+00,0.000000000000000000e+00,0.000000000000000000e+00,0.000000000000000000e+00,0.000000000000000000e+00,0.000000000000000000e+00,0.000000000000000000e+00,0.000000000000000000e+00,0.000000000000000000e+00,0.000000000000000000e+00,0.000000000000000000e+00,0.000000000000000000e+00,0.000000000000000000e+00,0.000000000000000000e+00
6.101194877002186039e-03,1.684006248221238747e-02,2.245255266094827243e-02,2.092238324765619689e-02,1.526080797357211652e-02,2.905681304098886933e-02,6.131802600638092821e-02,7.873196144102187488e-02,6.842258148306801235e-02,4.564703839078656372e-02,6.032941725812664135e-02,1.241323651949650664e-01,1.747167177616900935e-01,1.278203120797037351e-01,7.032087377910774262e-02,7.357967929277944852e-02,1.602910572537517564e-01,2.795950030297650324e-01,1.583354292810441044e-01,7.018740304471302038e-02,4.935546535928594936e-02,7.529627307073483156e-02,1.062697094427355882e-01,6.752504158913461008e-02,3.018205043123878273e-02,1.362198624866771575e-02,6.682693123748299768e-03,3.314295111711917582e-03,1.534729451178531469e-03,4.463824574322736421e-04,0.000000000000000000e+00,0.000000000000000000e+00,0.000000000000000000e+00,0.000000000000000000e+00,0.000000000000000000e+00,0.000000000000000000e+00,0.000000000000000000e+00,0.000000000000000000e+00,0.000000000000000000e+00,0.000000000000000000e+00,0.000000000000000000e+00,0.000000000000000000e+00,0.000000000000000000e+00,0.000000000000000000e+00,0.000000000000000000e+00,0.000000000000000000e+00,0.000000000000000000e+00,0.000000000000000000e+00,0.000000000000000000e+00,0.000000000000000000e+00
4.265566638191449489e-03,1.296730824544732076e-02,2.092238324765618995e-02,2.474605238907359034e-02,2.216133969801147366e-02,2.829670338720543729e-02,4.891902364654032720e-02,7.250490224851366405e-02,8.461958928183711814e-02,7.107763488895146864e-02,6.501609266611038662e-02,8.886029092216908565e-02,1.390071883218366444e-01,1.819271390650029074e-01,1.303038508857667366e-01,8.843720244469535641e-02,1.001491199960876377e-01,1.732102524079197625e-01,2.853745810457305465e-01,1.596799162379251291e-01,7.762664293290365281e-02,6.063822304920049588e-02,8.044423674330299090e-02,1.081625555440576536e-01,6.714647227870899904e-02,2.967868429692760435e-02,1.389238331720661287e-02,6.682693123748281554e-03,3.043898043173366968e-03,8.791169128609650860e-04,0.000000000000000000e+00,0.000000000000000000e+00,0.000000000000000000e+00,0.000000000000000000e+00,0.000000000000000000e+00,0.000000000000000000e+00,0.000000000000000000e+00,0.000000000000000000e+00,0.000000000000000000e+00,0.000000000000000000e+00,0.000000000000000000e+00,0.000000000000000000e+00,0.000000000000000000e+00,0.000000000000000000e+00,0.000000000000000000e+00,0.000000000000000000e+00,0.000000000000000000e+00,0.000000000000000000e+00,0.000000000000000000e+00,0.000000000000000000e+00
2.600546730253775439e-03,8.347887403635336975e-03,1.526080797357211999e-02,2.216133969801147366e-02,2.537717782063802011e-02,2.961878032149345766e-02,3.948357962933650434e-02,5.480665148735680559e-02,7.515995565439552439e-02,8.504507626509842655e-02,8.066494126092832451e-02,7.989091579298517043e-02,9.607071222547734768e-02,1.414907271278969814e-01,1.807227342939853598e-01,1.375525581524768837e-01,1.013563975988641397e-01,1.059286980120630606e-01,1.745547393647961798e-01,2.829306674867734794e-01,1.610795204806819425e-01,8.277460660547109050e-02,6.253106915052210335e-02,8.006566743287782395e-02,1.053919070590679657e-01,6.514958699656973884e-02,2.967868429692760782e-02,1.362198624866772095e-02,6.027080585430841589e-03,1.718398672880151008e-03,0.000000000000000000e+00,0.000000000000000000e+00,0.000000000000000000e+00,0.000000000000000000e+00,0.000000000000000000e+00,0.000000000000000000e+00,0.000000000000000000e+00,0.000000000000000000e+00,0.000000000000000000e+00,0.000000000000000000e+00,0.000000000000000000e+00,0.000000000000000000e+00,0.000000000000000000e+00,0.000000000000000000e+00,0.000000000000000000e+00,0.000000000000000000e+00,0.000000000000000000e+00,0.000000000000000000e+00,0.000000000000000000e+00,0.000000000000000000e+00
1.481774035190170811e-03,4.894046458378539105e-03,9.586843853991010994e-03,1.589193340513695568e-02,2.242528937945209230e-02,2.937056312072864814e-02,3.550640816231123015e-02,4.213863303521998144e-02,5.523213847061821807e-02,7.356069297505186955e-02,8.873333034065504499e-02,8.787536256423904291e-02,8.237445459904847722e-02,9.486630745446113233e-02,1.362037093854135961e-01,1.811062044389567527e-01,1.433321361684497530e-01,1.027008845557419309e-01,1.034847844531014555e-01,1.673547504971210353e-01,2.794790380489057258e-01,1.629723665820072831e-01,8.239603729504953178e-02,5.976042066553029913e-02,7.369192670567210890e-02,1.010150516140014970e-01,6.487918992803154428e-02,2.902307175860984259e-02,1.229648687837485432e-02,3.429564999689588885e-03,0.000000000000000000e+00,0.000000000000000000e+00,0.000000000000000000e+00,0.000000000000000000e+00,0.000000000000000000e+00,0.000000000000000000e+00,0.000000000000000000e+00,0.000000000000000000e+00,0.000000000000000000e+00,0.000000000000000000e+00,0.000000000000000000e+00,0.000000000000000000e+00,0.000000000000000000e+00,0.000000000000000000e+00,0.000000000000000000e+00,0.000000000000000000e+00,0.000000000000000000e+00,0.000000000000000000e+00,0.000000000000000000e+00,0.000000000000000000e+00
8.117256929345903612e-04,2.720730485545876272e-03,5.525171889943401686e-03,9.850793535431372899e-03,1.589193340513695568e-02,2.431953192017857410e-02,3.202561652660849273e-02,3.593189514557164344e-02,4.053937035587847765e-02,5.114981770517516846e-02,7.300053943736428685e-02,9.121686914671449375e-02,8.667095779322128712e-02,7.708743685656109512e-02,8.367943121232931936e-02,1.304129410142789991e-01,1.824506913958337251e-01,1.408882226094886891e-01,9.550089568806911788e-02,8.860996132622661614e-02,1.578244029094381384e-01,2.791004687384839866e-01,1.602017180970153054e-01,7.602229656783908440e-02,4.684122551136093299e-02,6.487918992803154428e-02,1.003594390756835791e-01,6.355369055773696374e-02,2.642555617286938482e-02,7.148523205804780713e-03,0.000000000000000000e+00,0.000000000000000000e+00,0.000000000000000000e+00,0.000000000000000000e+00,0.000000000000000000e+00,0.000000000000000000e+00,0.000000000000000000e+00,0.000000000000000000e+00,0.000000000000000000e+00,0.000000000000000000e+00,0.000000000000000000e+00,0.000000000000000000e+00,0.000000000000000000e+00,0.000000000000000000e+00,0.000000000000000000e+00,0.000000000000000000e+00,0.000000000000000000e+00,0.000000000000000000e+00,0.000000000000000000e+00,0.000000000000000000e+00
4.272307574210778029e-04,1.442851124499414236e-03,2.984680166986396471e-03,5.525171889943405155e-03,9.586843853991010994e-03,1.638879458885194110e-02,2.474501890343916433e-02,3.042635384726978184e-02,3.184957438012889219e-02,3.297901993864978121e-02,4.663315963169539086e-02,7.179613466634664209e-02,8.592985140423196888e-02,7.548408155108940476e-02,5.662461615267802562e-02,7.035186583645833269e-02,1.279690274553207108e-01,1.752507025281641595e-01,1.260133994826129478e-01,6.695958958839186292e-02,6.922043350381455740e-02,1.550537544244412202e-01,2.727267280112755654e-01,1.472825229428471605e-01,5.004701857576568380e-02,2.902307175860984259e-02,6.355369055773697762e-02,9.776192348994039438e-02,5.840572688516780520e-02,1.584746796737460106e-02,0.000000000000000000e+00,0.000000000000000000e+00,0.000000000000000000e+00,0.000000000000000000e+00,0.000000000000000000e+00,0.000000000000000000e+00,0.000000000000000000e+00,0.000000000000000000e+00,0.000000000000000000e+00,0.000000000000000000e+00,0.000000000000000000e+00,0.000000000000000000e+00,0.000000000000000000e+00,0.000000000000000000e+00,0.000000000000000000e+00,0.000000000000000000e+00,0.000000000000000000e+00,0.000000000000000000e+00,0.000000000000000000e+00,0.000000000000000000e+00
2.038946741437665906e-04,6.911804388616112288e-04,1.442851124499420308e-03,2.720730485545878440e-03,4.894046458378546911e-03,8.884344221971348168e-03,1.478953190951056568e-02,2.066269813799544164e-02,2.286600343004143582e-02,1.981836943131803225e-02,2.426006829230124492e-02,4.134614188921256067e-02,6.060925842421564791e-02,6.546703070034792793e-02,4.152756831559283046e-02,3.355175473409368475e-02,6.315187696878486745e-02,1.130942043284471760e-01,1.467093964284820473e-01,7.272589700628663556e-02,3.029096644948939612e-02,6.284669277660435982e-02,1.421345592702731031e-01,2.467514500191922422e-01,9.303933686299259431e-02,1.229648687837485085e-02,2.642555617286938482e-02,5.840572688516780520e-02,8.718383528444903496e-02,3.540973571198801489e-02,0.000000000000000000e+00,0.000000000000000000e+00,0.000000000000000000e+00,0.000000000000000000e+00,0.000000000000000000e+00,0.000000000000000000e+00,0.000000000000000000e+00,0.000000000000000000e+00,0.000000000000000000e+00,0.000000000000000000e+00,0.000000000000000000e+00,0.000000000000000000e+00,0.000000000000000000e+00,0.000000000000000000e+00,0.000000000000000000e+00,0.000000000000000000e+00,0.000000000000000000e+00,0.000000000000000000e+00,0.000000000000000000e+00,0.000000000000000000e+00
6.005500729677300178e-05,2.038946741437662924e-04,4.272307574210778571e-04,8.117256929345904697e-04,1.481774035190167342e-03,2.758326960701107389e-03,4.802023456527759922e-03,7.229181492282039240e-03,8.631493189185620793e-03,7.005328748573421901e-03,7.389628653714408642e-03,1.307319205016931399e-02,2.088332118532794726e-02,2.665274518871850809e-02,1.793096432630070583e-02,9.864374492460315988e-03,1.867693160721893217e-02,3.461057086910774433e-02,5.980670185212062090e-02,5.229212370725580539e-02,8.603506696755414129e-03,1.737177129532065101e-02,3.687141478452946042e-02,8.789137319042504559e-02,1.219886620442405256e-01,3.429564999689589319e-03,7.148523205804780713e-03,1.584746796737460800e-02,3.540973571198800796e-02,3.592663160508593329e-02,0.000000000000000000e+00,0.000000000000000000e+00,0.000000000000000000e+00,0.000000000000000000e+00,0.000000000000000000e+00,0.000000000000000000e+00,0.000000000000000000e+00,0.000000000000000000e+00,0.000000000000000000e+00,0.000000000000000000e+00,0.000000000000000000e+00,0.000000000000000000e+00,0.000000000000000000e+00,0.000000000000000000e+00,0.000000000000000000e+00,0.000000000000000000e+00,0.000000000000000000e+00,0.000000000000000000e+00,0.000000000000000000e+00,0.000000000000000000e+00
7.722995584511643807e-04,1.788431157918646958e-03,1.865844957892944401e-03,1.421451588744940828e-03,9.182609256012495705e-04,3.553699310708232587e-03,6.775979860699759411e-03,6.262211951384124425e-03,4.342831469312239366e-03,2.623356236680938602e-03,1.045846724381128273e-02,1.646810851536833695e-02,1.193016010952376894e-02,6.921646429276127714e-03,3.734738293482800162e-03,3.789648700776054868e-02,3.645352334753902690e-02,1.638720675085140327e-02,7.403820518876382158e-03,3.504480716412853008e-03,7.708533723053358211e-02,3.682525465600120645e-02,9.521017465053143239e-03,3.505496334382616520e-03,1.499258410879908930e-03,6.886013695114310586e-04,3.443778022664041203e-04,1.728574317200975530e-04,8.056261413289745525e-05,2.349677195425821014e-05,0.000000000000000000e+00,0.000000000000000000e+00,0.000000000000000000e+00,0.000000000000000000e+00,0.000000000000000000e+00,0.000000000000000000e+00,0.000000000000000000e+00,0.000000000000000000e+00,0.000000000000000000e+00,0.000000000000000000e+00,0.000000000000000000e+00,0.000000000000000000e+00,0.000000000000000000e+00,0.000000000000000000e+00,0.000000000000000000e+00,0.000000000000000000e+00,0.000000000000000000e+00,0.000000000000000000e+00,0.000000000000000000e+00,0.000000000000000000e+00
1.788431157918649560e-03,4.426575674262613058e-03,5.075727704556531536e-03,4.205557472239154423e-03,2.881468376571862111e-03,8.235996648526359987e-03,1.659189112279208650e-02,1.738102328139652999e-02,1.322839965737726553e-02,8.425152234755928227e-03,2.055042928081252107e-02,3.885673586870475732e-02,3.531991505416984950e-02,2.258654483228229176e-02,1.256618511813721410e-02,4.209806203640028416e-02,9.073721710615145764e-02,6.024455061726806393e-02,2.729550798614123475e-02,1.255178419144638118e-02,4.197321832857092705e-02,1.234316093515883117e-01,4.985176845543842772e-02,1.452577221031529399e-02,5.632189127120698635e-03,2.471070595004431700e-03,1.205836603497855916e-03,5.977978481193687438e-04,2.769168178072339771e-04,8.056261413287826487e-05,0.000000000000000000e+00,0.000000000000000000e+00,0.000000000000000000e+00,0.000000000000000000e+00,0.000000000000000000e+00,0.000000000000000000e+00,0.000000000000000000e+00,0.000000000000000000e+00,0.000000000000000000e+00,0.000000000000000000e+00,0.000000000000000000e+00,0.000000000000000000e+00,0.000000000000000000e+00,0.000000000000000000e+00,0.000000000000000000e+00,0.000000000000000000e+00,0.000000000000000000e+00,0.000000000000000000e+00,0.000000000000000000e+00,0.000000000000000000e+00
1.865844957892944835e-03,5.075727704556526332e-03,6.766288188608905046e-03,6.535744492383488598e-03,5.049992228146222076e-03,9.446359221637357431e-03,1.884104006922343241e-02,2.355807882878541148e-02,2.146334404684030472e-02,1.542182504795425180e-02,2.108977320609350253e-02,3.940223581961266319e-02,4.951312059146348310e-02,4.096445374303095410e-02,2.533623818906829278e-02,2.979328483039623068e-02,6.588908930613107673e-02,1.016455183414398250e-01,6.539251428983614001e-02,2.956281054208670725e-02,2.269662125628813670e-02,5.499973212800825934e-02,1.284363640968490816e-01,5.197846124817641356e-02,1.528835431355503316e-02,5.940194280221851135e-03,2.724490640857454762e-03,1.309895989585091979e-03,5.977978481193614796e-04,1.728574317201112681e-04,0.000000000000000000e+00,0.000000000000000000e+00,0.000000000000000000e+00,0.000000000000000000e+00,0.000000000000000000e+00,0.000000000000000000e+00,0.000000000000000000e+00,0.000000000000000000e+00,0.000000000000000000e+00,0.000000000000000000e+00,0.000000000000000000e+00,0.000000000000000000e+00,0.000000000000000000e+00,0.000000000000000000e+00,0.000000000000000000e+00,0.000000000000000000e+00,0.000000000000000000e+00,0.000000000000000000e+00,0.000000000000000000e+00,0.000000000000000000e+00
1.421451588744940828e-03,4.205557472239152689e-03,6.535744492383481659e-03,7.610722944515878156e-03,6.999440460446838645e-03,9.553840771840271459e-03,1.641254692763078477e-02,2.292336083466719673e-02,2.575150421936234224e-02,2.246401859169266588e-02,2.260968516026939934e-02,3.174615792885330384e-02,4.504677450847371922e-02,5.226281394824967147e-02,4.191685473049430732e-02,3.285256673400201860e-02,4.070158606568451132e-02,7.103705297869926383e-02,1.039128208973860851e-01,6.592297756358357630e-02,3.297495055042521522e-02,2.770137600155124849e-02,5.712642492074621742e-02,1.291989462000859568e-01,5.184008394384522628e-02,1.509539190197543151e-02,6.044253666309036023e-03,2.724490640857429175e-03,1.205836603497889310e-03,3.443778022663809184e-04,0.000000000000000000e+00,0.000000000000000000e+00,0.000000000000000000e+00,0.000000000000000000e+00,0.000000000000000000e+00,0.000000000000000000e+00,0.000000000000000000e+00,0.000000000000000000e+00,0.000000000000000000e+00,0.000000000000000000e+00,0.000000000000000000e+00,0.000000000000000000e+00,0.000000000000000000e+00,0.000000000000000000e+00,0.000000000000000000e+00,0.000000000000000000e+00,0.000000000000000000e+00,0.000000000000000000e+00,0.000000000000000000e+00,0.000000000000000000e+00
9.182609256012487032e-04,2.881468376571859943e-03,5.049992228146218606e-03,6.999440460446842115e-03,7.849004850018759943e-03,9.700061528248747969e-03,1.363616153728417282e-02,1.860597231820758368e-02,2.392403537951959258e-02,2.591893368286355553e-02,2.609997266563829701e-02,2.825422384913034435e-02,3.449585128563848607e-02,4.599917549593736388e-02,5.181889359444181997e-02,4.486490706704459458e-02,3.800053040657171144e-02,4.296888862163233264e-02,7.156751625244421600e-02,1.029849070166759945e-01,6.658767841979618129e-02,3.510164334316143164e-02,2.846395810478974386e-02,5.698804761641496075e-02,1.281268668756438411e-01,5.106502641707173773e-02,1.509539190197543845e-02,5.940194280221852002e-03,2.471070595004437338e-03,6.886013695114535016e-04,0.000000000000000000e+00,0.000000000000000000e+00,0.000000000000000000e+00,0.000000000000000000e+00,0.000000000000000000e+00,0.000000000000000000e+00,0.000000000000000000e+00,0.000000000000000000e+00,0.000000000000000000e+00,0.000000000000000000e+00,0.000000000000000000e+00,0.000000000000000000e+00,0.000000000000000000e+00,0.000000000000000000e+00,0.000000000000000000e+00,0.000000000000000000e+00,0.000000000000000000e+00,0.000000000000000000e+00,0.000000000000000000e+00,0.000000000000000000e+00
5.417558622256618463e-04,1.762695681508207176e-03,3.345164344635060370e-03,5.288274133648985034e-03,7.099514797994806864e-03,9.330778885208917961e-03,1.189348691882583312e-02,1.463683608213714807e-02,1.877340178170866861e-02,2.334355030505331705e-02,2.734703322331310041e-02,2.884966602242379843e-02,2.920662483659387451e-02,3.405193093183171010e-02,4.403588879760809288e-02,5.205551823213179496e-02,4.713220962298912686e-02,3.853099368031531052e-02,4.204097474092116649e-02,6.882427028275596437e-02,1.017036529835115555e-01,6.735026052303644262e-02,3.496326603883229828e-02,2.739187878034960236e-02,5.449459141676220308e-02,1.264084682027662998e-01,5.096096703098478009e-02,1.484197185612254159e-02,5.422959046235394619e-03,1.438091423226593593e-03,0.000000000000000000e+00,0.000000000000000000e+00,0.000000000000000000e+00,0.000000000000000000e+00,0.000000000000000000e+00,0.000000000000000000e+00,0.000000000000000000e+00,0.000000000000000000e+00,0.000000000000000000e+00,0.000000000000000000e+00,0.000000000000000000e+00,0.000000000000000000e+00,0.000000000000000000e+00,0.000000000000000000e+00,0.000000000000000000e+00,0.000000000000000000e+00,0.000000000000000000e+00,0.000000000000000000e+00,0.000000000000000000e+00,0.000000000000000000e+00
3.026788936813066557e-04,1.005451830288979585e-03,2.000977587011106527e-03,3.445238682183258874e-03,5.288274133648985902e-03,7.811166153381407865e-03,1.033145343006173708e-02,1.206091638232674977e-02,1.405635100767051518e-02,1.731338499388171415e-02,2.320512733356281873e-02,2.829943421077695323e-02,2.840574566861710226e-02,2.724333813826356962e-02,2.996961016638745312e-02,4.198424595041939239e-02,5.258598150587672632e-02,4.620429574227924441e-02,3.578774771062828708e-02,3.639643605205989535e-02,6.522356773029690247e-02,1.015652756791814160e-01,6.627818119859350821e-02,3.246980983917709812e-02,2.224391510777948625e-02,5.096096703098478703e-02,1.261550481569126692e-01,5.044373179699749438e-02,1.380899268434448816e-02,3.296266253497331152e-03,0.000000000000000000e+00,0.000000000000000000e+00,0.000000000000000000e+00,0.000000000000000000e+00,0.000000000000000000e+00,0.000000000000000000e+00,0.000000000000000000e+00,0.000000000000000000e+00,0.000000000000000000e+00,0.000000000000000000e+00,0.000000000000000000e+00,0.000000000000000000e+00,0.000000000000000000e+00,0.000000000000000000e+00,0.000000000000000000e+00,0.000000000000000000e+00,0.000000000000000000e+00,0.000000000000000000e+00,0.000000000000000000e+00,0.000000000000000000e+00
1.610170743819937353e-04,5.409607991841685476e-04,1.105526167837020879e-03,2.000977587011110431e-03,3.345164344635060804e-03,5.477222985567383254e-03,7.978595616882617689e-03,9.750968355595360931e-03,1.060089959450015440e-02,1.145268881188405904e-02,1.580054675704907485e-02,2.276120697975588317e-02,2.633614751244656507e-02,2.432342490317335529e-02,2.004701174002387898e-02,2.535538988907980879e-02,4.105633206970945442e-02,4.984273553618834979e-02,4.055975705341819532e-02,2.512491560077022637e-02,2.919592919033024009e-02,6.415148840585624401e-02,9.907181947952628520e-02,6.113021752602496722e-02,2.178766224759655715e-02,1.484197185612254159e-02,5.044373179699749438e-02,1.251220689851385570e-01,4.831703900425959181e-02,9.074635007620681162e-03,0.000000000000000000e+00,0.000000000000000000e+00,0.000000000000000000e+00,0.000000000000000000e+00,0.000000000000000000e+00,0.000000000000000000e+00,0.000000000000000000e+00,0.000000000000000000e+00,0.000000000000000000e+00,0.000000000000000000e+00,0.000000000000000000e+00,0.000000000000000000e+00,0.000000000000000000e+00,0.000000000000000000e+00,0.000000000000000000e+00,0.000000000000000000e+00,0.000000000000000000e+00,0.000000000000000000e+00,0.000000000000000000e+00,0.000000000000000000e+00
7.726483112085959139e-05,2.610914119300559002e-04,5.409607991841722339e-04,1.005451830288977199e-03,1.762695681508208694e-03,3.085363050715613821e-03,4.896737911100779855e-03,6.518578829056117727e-03,7.147306159808331470e-03,6.682477616297211216e-03,8.603184716706900256e-03,1.383726005871883588e-02,1.867888621431212925e-02,1.913982111420681545e-02,1.316162729143067513e-02,1.257152052487869008e-02,2.261214391939265003e-02,3.541179338084839839e-02,3.917990342633179829e-02,2.168346340786552959e-02,1.237704949250787584e-02,2.670247299067676772e-02,5.900352473328701608e-02,8.838967188794713548e-02,3.788080630699178220e-02,5.422959046235397221e-03,1.380899268434448816e-02,4.831703900425959181e-02,1.203877113084143441e-01,3.594613774314087129e-02,0.000000000000000000e+00,0.000000000000000000e+00,0.000000000000000000e+00,0.000000000000000000e+00,0.000000000000000000e+00,0.000000000000000000e+00,0.000000000000000000e+00,0.000000000000000000e+00,0.000000000000000000e+00,0.000000000000000000e+00,0.000000000000000000e+00,0.000000000000000000e+00,0.000000000000000000e+00,0.000000000000000000e+00,0.000000000000000000e+00,0.000000000000000000e+00,0.000000000000000000e+00,0.000000000000000000e+00,0.000000000000000000e+00,0.000000000000000000e+00
2.280950642720077436e-05,7.726483112085833101e-05,1.610170743819934643e-04,3.026788936813071436e-04,5.417558622256644484e-04,9.783159328980352981e-04,1.625346262888694489e-03,2.293075715314028384e-03,2.600156850853338909e-03,2.254073593641338445e-03,2.675462446977028286e-03,4.520863951263052669e-03,6.640933660479004727e-03,7.517088602569752670e-03,4.981798851157620035e-03,3.735850273839299521e-03,6.926981836017712980e-03,1.194931180953514617e-02,1.653549973529539960e-02,1.069509188150117619e-02,3.453061771643829887e-03,7.229085819937534213e-03,1.602032539909499509e-02,3.575411351425556578e-02,3.661523297459742116e-02,1.438091423226594461e-03,3.296266253497331152e-03,9.074635007620688101e-03,3.594613774314087129e-02,7.536693855765219663e-02,0.000000000000000000e+00,0.000000000000000000e+00,0.000000000000000000e+00,0.000000000000000000e+00,0.000000000000000000e+00,0.000000000000000000e+00,0.000000000000000000e+00,0.000000000000000000e+00,0.000000000000000000e+00,0.000000000000000000e+00,0.000000000000000000e+00,0.000000000000000000e+00,0.000000000000000000e+00,0.000000000000000000e+00,0.000000000000000000e+00,0.000000000000000000e+00,0.000000000000000000e+00,0.000000000000000000e+00,0.000000000000000000e+00,0.000000000000000000e+00
